Line #,Name,Description,Designator,Quantity,Manufacturer 1,Manufacturer Part Number 1,Manufacturer Lifecycle 1,Supplier 1,Supplier Part Number 1,Supplier Unit Price 1,Supplier Subtotal 1,Notes

"","G8K-17R DC12","No Description Available","U2_HVS1, U2_HVS2, U2_HVS3, U2_HVS4, U2_HVS5, U2_HVS6, U2_HVS7, U2_HVS8, U2_HVS9, U2_HVS10, U2_HVS11, U2_HVS12, U4_LVS1, U4_LVS2, U4_LVS3, U4_LVS4, U5_14VS1, U5_14VS2, U5_14VS3, U5_14VS4","20","Omron","G8K-17RDC12","Unknown","Digikey","39-G8K-17RDC12-ND","1.67","33.32",""
"","TMUX7219DGKRQ1","No Description Available","U3_AS1, U3_AS2, U3_AS3, U3_AS4","4","Texas Instruments","TMUX7219DGKRQ1","Volume Production","Digikey","296-TMUX7219DGKRQ1CT-ND","4.52","18.08",""
"","ESDLIN03-1BWY","No Description Available","CR1_HVS1, CR1_HVS2, CR1_HVS3, CR1_HVS4, CR1_HVS5, CR1_HVS6, CR1_HVS7, CR1_HVS8, CR1_HVS9, CR1_HVS10, CR1_HVS11, CR1_HVS12, CR2, CR3_HVS1, CR3_HVS2, CR3_HVS3, CR3_HVS4, CR3_HVS5, CR3_HVS6, CR3_HVS7, CR3_HVS8, CR3_HVS9, CR3_HVS10, CR3_HVS11, CR3_HVS12, CR4_HVS1, CR4_HVS2, CR4_HVS3, CR4_HVS4, CR4_HVS5, CR4_HVS6, CR4_HVS7, CR4_HVS8, CR4_HVS9, CR4_HVS10, CR4_HVS11, CR4_HVS12","37","STMicroelectronics","ESDLIN03-1BWY","Volume Production","Digikey","497-16559-1-ND","0.209","7.73",""
"","ATV02W5V0B-HF","TVS DIODE 5VWM 9.2VC SOD123","D3_LVS1, D3_LVS2, D3_LVS3, D3_LVS4, D4_AS1, D4_AS2, D4_AS3, D4_AS4, D6_LVS1, D6_LVS2, D6_LVS3, D6_LVS4, D8_LVS1, D8_LVS2, D8_LVS3, D8_LVS4, D12_AS1, D12_AS2, D12_AS3, D12_AS4, D13_AS1, D13_AS2, D13_AS3, D13_AS4","24","Comchip","ATV02W5V0B-HF","Volume Production","Digikey","641-1986-1-ND","0.303","7.27",""
"","1600132623","stAK50h 2 Bay Infotainment Hybrid Header, 56 Circuits, Bay A: 28 Circuit/Key 2; Bay B: 28 Circuit/Key 3; 2.10mm PC Tail Length, UL 94 HB, Gray, Black Tray","J1","1","Molex","160013-2623","Unknown","Mouser","538-160013-2623","7.12","7.12",""
"","CGA5L1X7R1H106K160AE","Ceramic Capacitor, 10uF, 50V, 1206, X7R ","C1, C8, C9, C10","4","TDK","CGA5L1X7R1H106K160AE","Volume Production","Digikey","445-181412-1-ND","1.21","4.84",""
"","1600132641","stAK50h 2 Bay Infotainment Hybrid Header, 56 Circuits, Bay A: 28 Circuit/Key 1; Bay B: 28 Circuit/Key 4; 2.10mm PC Tail Length, UL 94 HB, Gray, Black Tray","J2","1","Molex","160013-0641","Unknown","Mouser","538-160013-0641","4.74","4.74","1600132641 and 1600130641 same part w/ different packaging"
"","SS14FP","SS14FP Diode Schottky 40V 1A 2-Pin SOD-123HE T/R - Tape and Reel","D1_HVS1, D1_HVS2, D1_HVS3, D1_HVS4, D1_HVS5, D1_HVS6, D1_HVS7, D1_HVS8, D1_HVS9, D1_HVS10, D1_HVS11, D1_HVS12, D2_LVS1, D2_LVS2, D2_LVS3, D2_LVS4, D5_14VS1, D5_14VS2, D5_14VS3, D5_14VS4","20","onsemi","SS14FP","Unknown","Mouser","512-SS14FP","0.231","4.62",""
"","2005020121","stAK50h Right-Angle Hybrid Header, 12 Circuits, Key 1, Black, Tube","J3","1","Molex","200502-0121","Volume Production","Digikey","900-2005020121-ND","4.34","4.34",""
"","TLV274DTBR2G","No Description Available","U1","1","onsemi","TLV274DTBR2G","Volume Production","Mouser","863-TLV274DTBR2G","1.97","1.97",""
"","PESD15VS1UB,115","Diode ESD (Uni-directional)","D9_14VS1, D9_14VS2, D9_14VS3, D9_14VS4, D10_14VS1, D10_14VS2, D10_14VS3, D10_14VS4, D11_14VS1, D11_14VS2, D11_14VS3, D11_14VS4","12","Nexperia","PESD15VS1UB,115","Volume Production","Digikey","1727-5370-1-ND","0.12","1.44",""
"","UMK107ABJ105KAHT","Ceramic Capacitor, 1uF, 50V, 0603, X5R","C2_AS1, C2_AS2, C2_AS3, C2_AS4, C5_AS1, C5_AS2, C5_AS3, C5_AS4, C7","9","Taiyo Yuden","UMK107ABJ105KAHT","Volume Production","Mouser","963-UMK107ABJ105KAHT","0.083","0.83",""
"","SL04-HM3-18 ","Diode Schottky, 40V, 1.1A, DO-219AB","D7, D14","2","Vishay","SL04-HM3-18","Obsolete","Mouser","78-SL04-HM3-18","0.24","0.48",""
"","0685T5000-01","No Description Available","F13","1","Bel","0685T5000-01","Volume Production","Mouser","530-C1T5","0.3","0.3",""
"","HSMS-C190","LED, Red, 2.1V, 20mA, 0603","DS2","1","Broadcom Avago","HSMS-C190","Volume Production","Digikey","516-1422-1-ND","0.3","0.3",""
"","HSMY-C190","LED, Yellow, 2.1V, 20mA, 0603","DS1","1","Broadcom Avago","HSMY-C190","Volume Production","Digikey","516-1424-1-ND","0.3","0.3",""
"","GCM155R71H104KE02D","Ceramic Capacitor, 0.1uF,  50V,  0402, X7R ","C3_AS1, C3_AS2, C3_AS3, C3_AS4, C4_AS1, C4_AS2, C4_AS3, C4_AS4, C6","9","Murata","GCM155R71H104KE02D","Volume Production","Mouser","81-GCM155R71H104KE2D","0.026","0.26",""
"","PESD12VS1UB,115","Diode ESD (Uni-directional)","D15","1","Nexperia","PESD12VS1UB,115","Volume Production","Mouser","771-PESD12VS1UB115","0.25","0.25",""
"","ERJ-2GEJ103X","Chip Resistor, 10k, 0402, 1/10W, 5% ","R4, R6_AS1, R6_AS2, R6_AS3, R6_AS4","5","Panasonic","ERJ-2GEJ103X","Volume Production","Mouser","667-ERJ-2GEJ103X","0.018","0.18",""
"","ERJ-U02F22R0X","Chip Resistor, 22, 0402, 1/10W, 1%","R3","1","Panasonic","ERJ-U02F22R0X","Unknown","Digikey","10-ERJ-U02F22R0XCT-ND","0.12","0.12",""
"","BLM18KG601SH1D","Ferrite Bead, 600Ohm, 100MHz, 1.3A, 0603","FB1","1","Murata","BLM18KG601SH1D","Volume Production","Mouser","81-BLM18KG601SH1D","0.1","0.1",""
"","ERA-2APB202X","Chip Resistor, 2k, 0402, 1/16W, 0.1% ","R7, R9, R10, R11","4","Panasonic","ERJ-2GE0R00X","Volume Production","Mouser","667-ERJ-2GE0R00X","0.01","0.1",""
"","0ABB-2000-TM","0603 SMD Fuse | Slow Blow | 2A","F10_14VS1, F10_14VS2, F10_14VS3, F10_14VS4, F11_14VS1, F11_14VS2, F11_14VS3, F11_14VS4, F12_14VS1, F12_14VS2, F12_14VS3, F12_14VS4","12","","","","","","","",""
"","0686F0500-01","0603 SMT Fuse | Fast Acting | 500mA","F7_AS1, F7_AS2, F7_AS3, F7_AS4, F8_AS1, F8_AS2, F8_AS3, F8_AS4, F9_AS1, F9_AS2, F9_AS3, F9_AS4, F14, F15, F16, F17, F18, F20","18","","","","","","","",""
"","0686F0750-01","0603 SMT Fuse | Fast Acting | 500mA","F1_HVS1, F1_HVS2, F1_HVS3, F1_HVS4, F1_HVS5, F1_HVS6, F1_HVS7, F1_HVS8, F1_HVS9, F1_HVS10, F1_HVS11, F1_HVS12, F2_HVS1, F2_HVS2, F2_HVS3, F2_HVS4, F2_HVS5, F2_HVS6, F2_HVS7, F2_HVS8, F2_HVS9, F2_HVS10, F2_HVS11, F2_HVS12, F3_HVS1, F3_HVS2, F3_HVS3, F3_HVS4, F3_HVS5, F3_HVS6, F3_HVS7, F3_HVS8, F3_HVS9, F3_HVS10, F3_HVS11, F3_HVS12, F4_LVS1, F4_LVS2, F4_LVS3, F4_LVS4, F5_LVS1, F5_LVS2, F5_LVS3, F5_LVS4, F6_LVS1, F6_LVS2, F6_LVS3, F6_LVS4, F19","49","","","","","","","",""
"","Resistors,0.005","Resistor","R1_HVS1, R1_HVS2, R1_HVS3, R1_HVS4, R1_HVS5, R1_HVS6, R1_HVS7, R1_HVS8, R1_HVS9, R1_HVS10, R1_HVS11, R1_HVS12, R2_LVS1, R2_LVS2, R2_LVS3, R2_LVS4, R5_AS1, R5_AS2, R5_AS3, R5_AS4, R8_14VS1, R8_14VS2, R8_14VS3, R8_14VS4","24","","","","","","","","DO NOT PLACE"
