<?xml version="1.0"?>
<palette guid="4e806353-669c-4c1e-9fd0-90641addbcc9" name="Document Palette"><colors><page><color cs="CMYK" name="Red" tints="0,1,1,0" originalPaletteGuid="cccd19cb-4675-4a5e-8bda-d0bbbaab8af0"/><color cs="CMYK" name="Black" tints="0,0,0,1" originalPaletteGuid="cccd19cb-4675-4a5e-8bda-d0bbbaab8af0"/><color cs="CMYK" tints="0.105882,0.254902,0.831373,0.207843"/><color cs="CMYK" name="White" tints="0,0,0,0" originalPaletteGuid="cccd19cb-4675-4a5e-8bda-d0bbbaab8af0"/><color cs="CMYK" tints="0.901961,0.133333,0.992157,0.537255"/><color cs="CMYK" tints="0.862745,0.0941176,1,0.454902"/><color cs="RGB" tints="0.584314,0.588235,0.564706"/><color cs="RGB" tints="0.207843,0.129412,0.0941176"/><color cs="RGB" tints="0.0627451,0.0431373,0.0196078"/></page></colors></palette>
