<?xml version="1.0" encoding="UTF-8" ?>
<x:xmpmeta xmlns:x="adobe:ns:meta/">
    <rdf:RDF xmlns:rdf="http://www.w3.org/1999/02/22-rdf-syntax-ns#">
        <rdf:Description rdf:about="" xmlns="http://namespace.corel.com/Cdr/metadata">
            <FontsUsed>
                <rdf:Bag>
                    <rdf:li>Arial</rdf:li>
                    <rdf:li>Sakkal Majalla</rdf:li>
                    <rdf:li>SimSun-ExtB</rdf:li>
                    <rdf:li>Wingdings</rdf:li>
                </rdf:Bag>
            </FontsUsed>
            <CoreVersion>1500</CoreVersion>
            <Keywords></Keywords>
            <Notes></Notes>
            <Title></Title>
            <Author>USER</Author>
            <Subject></Subject>
            <Copyright></Copyright>
            <Revision>0</Revision>
            <LastAuthor>USER</LastAuthor>
            <Sided></Sided>
            <Folds></Folds>
            <Type></Type>
            <Industry></Industry>
            <ProductId>0</ProductId>
            <ProductName>CorelDRAW X5</ProductName>
            <AppVersion>1500</AppVersion>
            <BuildNumber>686</BuildNumber>
            <Platform>0</Platform>
            <Locale>1033</Locale>
            <RiffCompressionRatio>77.414128321451713</RiffCompressionRatio>
            <EmbeddedOleObjects>0</EmbeddedOleObjects>
            <FontsEmbedded>0</FontsEmbedded>
            <Language>1033</Language>
            <DocID>62227bc9-d892-4f19-ad9e-9b1d441aa720</DocID>
            <NumPages>1</NumPages>
            <NumLayers>1</NumLayers>
            <PageWidth>2970000</PageWidth>
            <PageHeight>2100000</PageHeight>
            <PageDimensions>297 x 210 mm</PageDimensions>
            <PageSizeName>A4</PageSizeName>
            <PageOrientation>2</PageOrientation>
            <ResolutionX>300</ResolutionX>
            <ResolutionY>300</ResolutionY>
            <Effects>
                <Perspective>0</Perspective>
                <Envelope>0</Envelope>
                <DropShadow>0</DropShadow>
                <Blend>0</Blend>
                <Extrude>0</Extrude>
                <Bevel>0</Bevel>
                <Contour>0</Contour>
                <PowerClip>0</PowerClip>
                <Clone>0</Clone>
                <Lens>0</Lens>
                <Transparency>0</Transparency>
                <Distortion>0</Distortion>
            </Effects>
            <Objects>
                <Total>28</Total>
                <Group>0</Group>
                <Curve>4</Curve>
                <Rect>0</Rect>
                <Bitmap>0</Bitmap>
                <Ellipse>24</Ellipse>
                <MeshFill>0</MeshFill>
                <Polygon>0</Polygon>
                <OLE>
                    <Linked>0</Linked>
                    <Embedded>0</Embedded>
                </OLE>
                <Guideline>0</Guideline>
                <Symbol>
                    <Definitions>0</Definitions>
                    <Instances>0</Instances>
                </Symbol>
                <Text>0</Text>
            </Objects>
            <CurveInfo>
                <Subpaths>9</Subpaths>
                <Nodes>445</Nodes>
                <MaxNodes>207</MaxNodes>
            </CurveInfo>
            <BitmapInfo>
                <Types>
                    <rdf:Bag />
                </Types>
                <LinkPaths>
                    <rdf:Bag />
                </LinkPaths>
            </BitmapInfo>
            <TextInfo>
                <ParagraphText>0</ParagraphText>
                <ArtisticText>0</ArtisticText>
                <Frames>0</Frames>
                <EmptyFrames>0</EmptyFrames>
                <Paragraphs>0</Paragraphs>
                <Lines>0</Lines>
                <Words>0</Words>
                <Characters>0</Characters>
                <Languages>
                    <rdf:Bag />
                </Languages>
            </TextInfo>
            <Styles>
                <rdf:Bag>
                    <rdf:li>Default Graphic</rdf:li>
                </rdf:Bag>
            </Styles>
            <Fills>
                <None>1</None>
                <Uniform>27</Uniform>
                <Fountain>0</Fountain>
                <Texture>0</Texture>
                <Postscript>0</Postscript>
                <Hatch>0</Hatch>
                <Pattern>0</Pattern>
                <Colors>
                    <rdf:Bag>
                        <rdf:li>CMYK255</rdf:li>
                    </rdf:Bag>
                </Colors>
                <Palettes>
                    <rdf:Bag>
                        <rdf:li>CMYK palette</rdf:li>
                    </rdf:Bag>
                </Palettes>
                <SpotColors>
                    <rdf:Bag />
                </SpotColors>
            </Fills>
            <Outlines>
                <None>27</None>
                <Solid>1</Solid>
                <Dashed>0</Dashed>
                <Enhanced>0</Enhanced>
                <BehindFill>0</BehindFill>
                <ScalePen>0</ScalePen>
                <Hairline>0</Hairline>
                <Colors>
                    <rdf:Bag>
                        <rdf:li>CMYK255</rdf:li>
                    </rdf:Bag>
                </Colors>
                <Palettes>
                    <rdf:Bag />
                </Palettes>
                <SpotColors>
                    <rdf:Bag />
                </SpotColors>
            </Outlines>
            <ClipRect left="-1283794" top="424874" right="1283794" bottom="-424619" />
            <Color>
                <Profiles>
                    <Rgb>
                        <Name>sRGB IEC61966-2.1</Name>
                    </Rgb>
                    <Cmyk>
                        <Name>ISO Coated v2 (ECI)</Name>
                    </Cmyk>
                    <Grayscale>
                        <Name>Dot Gain 15%</Name>
                    </Grayscale>
                </Profiles>
            </Color>
            <colorMode>1</colorMode>
            <renderingIntent>1</renderingIntent>
            <Properties />
        </rdf:Description>
    </rdf:RDF>
</x:xmpmeta>
