﻿Comment,Description,Designator,Footprint,Quantity,Value,Manufacturer 1,Manufacturer Part Number 1
Cap Semi,Capacitor (Semiconductor SIM Model),"C1, C2, C3, C4, C13, C14, C15, C16, C29, C30, C31, C32, C50, C51, C77, C78, C79, C80, C83, C84, C86, C87, C89, C90, C102, C103, C104, C105, C108, C109, C111, C112, C114, C115",0805,34,0.1uF,Yageo,CC0805KRX7R7BB104
Cap Semi,Capacitor (Semiconductor SIM Model),"C5, C7, C9, C11, C17, C19, C21, C23, C25, C27, C33, C35, C37, C39, C60, C61, C62, C63, C64",0603,19,0.1uF,Yageo,CC0603KRX7R7BB104
Cap Semi,Capacitor (Semiconductor SIM Model),"C6, C8, C10, C12, C18, C20, C22, C24, C26, C28, C34, C36, C38, C40, C56, C59",0603,16,10uF,Yageo,CC0603KRX5R7BB106
6.2V,Capacitor (Semiconductor SIM Model),C41,1608[0603],1,22uF,Yageo,CC0603MRX5R5BB226
25V,Capacitor (Semiconductor SIM Model),C42,1608[0603],1,10uF,TDK,C1608X5R1E106M080AC
25V,Capacitor (Semiconductor SIM Model),C43,1608[0603],1,3.3uF,"Cal-Chip Electronics, Inc.",GMC10XR5335K25NT
Cap Poly,Polarized Capacitor (Surface Mount),"C44, C47, C67, C68, C69, C72, C75",0805-P,7,2.2uF,Kyocera AVX,TAJR225M020RNJ
Cap Poly,Polarized Capacitor (Surface Mount),"C45, C48, C66, C71, C74",0805-P,5,4.7uF,Kyocera AVX,TPCR475K020R2000
10000pF,Capacitor (Semiconductor SIM Model),"C46, C49",0805,2,10000pF,KEMET,C0805C103K4RACTU
Cap Semi,Capacitor (Semiconductor SIM Model),"C52, C53",0603,2,DNP,DNP,DNP
DNP,Surface mount multi layer ceramic capacitor,"C54, C55",C0603[1608m]_C,2,DNP,DNP,DNP
Cap Semi,Capacitor (Semiconductor SIM Model),"C57, C58",0603,2,1uF,KEMET,C0603C105K4RACTU
Cap Semi,Capacitor (Semiconductor SIM Model),"C65, C70, C73, C76, C82, C88, C101, C107, C113",0805,9,10000pF,KEMET,C0805C103K4RACTU
Cap Semi,Capacitor (Semiconductor SIM Model),"C81, C85, C91, C106, C110, C116",0805,6,10uF,KEMET,C0805C106K4PACTU
Cap Semi,Capacitor (Semiconductor SIM Model),"C92, C93, C94, C95, C96, C97, C98, C99, C100, C117, C118, C119, C120, C121, C122, C123, C124, C125",0805,18,1.8nF,KEMET,C0805C182K3RACTU
Fiducial_Marker,PCB Feducial Marker.,"FM1, FM2, FM3, FM4, FM5, FM6",Feducial_Marker,6,,DNP,DNP
8D7C25F35SN,128 pin 38999 PCB connector,J1,8D7C25F35SN,1,,Souriau,8D7C25F35SN
1054291208,"Nano-Fit Vertical Header, Surface Mount, 2.50mm Pitch, Dual Row, 8 Circuits, 0.76Âµm Tin (Sn) Plating, Black, Glow-Wire Capable",J2,MOLEX_1054291208,1,,Molex,1054291208
ASP-134604-01,"FMC SEARAY mezzanine connector, 160 pins",J3,SAMTEC_ASP-134604-01_ASP-134604-01(Primary),1,,Samtec,ASP-134604-01
302-S101,"10pos .1"" shourded connector","J4, J5, J6",302-S101,3,,On Shore Techhnology Inc.,302-S101
IHLP-3232DZ-01,,L1,INDC8682X40N,1,2.2uH,Vishay Dale,IHLP3232DZER2R2M01
12V SUPPLY,"Header, 2-Pin",P1,HDR1X2,1,,Samtec,TSW-101-07-L-D
3V3 SUPPLY,"Header, 2-Pin",P2,HDR1X2,1,,Samtec,TSW-101-07-L-D
Header 3X2,"Header, 3-Pin, Dual row",P3,HDR2X3,1,,Samtec,TSW-103-07-F-D
-12V IN,"Header, 2-Pin",P4,HDR1X2,1,,Samtec,TSW-101-07-L-D
Chip Resistor,Resistor,"R1, R2, R26, R27, R38, R71, R72, R79, R80, R89",R0603,10,DNP,DNP,DNP
Chip Resistor,Resistor,"R3, R4, R12, R21, R28, R29, R69, R70, R73, R74, R75, R76, R77, R78, R81, R82, R83, R84, R86, R87, R90, R91, R92, R93, R94",R0603,25,0R0,Vishay Dale,CRCW06030000Z0EAHP
Chip Resistor,Resistor,"R5, R30",R0603,2,2K,Stackpole Electronics Inc.,RNCP0603FTD2K00
Chip Resistor,Resistor,"R6, R7, R31, R32, R33",R0603,5,100K,Panasonic Electronic Components,ERJ-H3EF1003V
Chip Resistor,Resistor,"R8, R9, R10, R11, R13, R14, R15, R16, R17, R18, R19, R20, R22, R23, R24, R25",R0603,16,1K,Stackpole Electronics Inc.,RNCP0603FTD1K00
Chip Resistor,Resistor,R34,R0603,1,10K,Panasonic Electronic Components,ERA-3VEB1002V
360K,Surface mount resistor,R35,R0603[1608m]_B,1,360k,Stackpole Electronics Inc.,RMCF0603FT360K
50K,Surface mount resistor,R36,R0603[1608m]_B,1,50k,Yageo,RT0603BRD0750KL
0R0,Surface mount resistor,R37,R0603[1608m]_B,1,0R0,Vishay Dale,CRCW06030000Z0EAHP
10K0,Surface mount resistor,"R39, R45, R48, R54, R60, R63",R0201[0603m]_B,6,10K0,Susumu,RG0603P-103-D-T10
DNP,Surface mount resistor,"R40, R41, R44, R55, R56, R59",R0201[0603m]_B,6,DNP,DNP,DNP
910R0,Surface mount resistor,"R42, R57",R0201[0603m]_B,2,910R0,Vishay Dale,CRCW0201910RFNED
0R0,Surface mount resistor,"R43, R46, R47, R58, R61, R62",R0201[0603m]_B,6,0R0,Vishay Dale,CRCW02010000Z0ED
4K7,Surface mount resistor,"R49, R50, R64",R0201[0603m]_B,3,4K7,Vishay Dale,CRCW02014K70FNED
402R0,Surface mount resistor,"R51, R66",R0201[0603m]_B,2,402R0,Vishay Dale,CRCW0201402RFNED
121R0,Surface mount resistor,"R52, R67",R0201[0603m]_B,2,121R0,Vishay Dale,CRCW0201121RFNED
4K99,Surface mount resistor,"R53, R68",R0201[0603m]_B,2,4K99,Vishay Dale,CRCW02014K99FNED
Chip Resistor,Resistor,"R85, R88",R0603,2,10k,Stackpole Electronics Inc.,RNCP0603FTD10K0
Chip Resistor,Resistor,"R95, R101",R0805,2,0R0,Stackpole Electronics Inc.,RMCF0805ZT0R00
Chip Resistor,Resistor,"R96, R97, R102, R103, R104",R0805,5,4K7,Vishay Dale,CRCW08054K70FKEAC
Chip Resistor,Resistor,R98,R0805,1,31K600,Vishay Dale,CRCW080531K6FKEA
Chip Resistor,Resistor,"R99, R105",R0805,2,DNP,DNP,DNP
Chip Resistor,Resistor,R100,R0805,1,3K570,Vishay Dale,CRCW08053K57FKEA
Chip Resistor,Resistor,R107,R0603,1,72K3,"KOA Speer Electronics, Inc.",RN73H1JTTD7232B25
Chip Resistor,Resistor,R108,R0603,1,113K,Panasonic Electronic Components,ERA-3AEB1133V
Chip Resistor,Resistor,"R109, R110, R111, R113, R114, R115, R116, R118, R119, R120, R121, R123, R136, R137, R138, R140, R141, R142, R143, R145, R146, R147, R148, R150",R0805,24,1K,Vishay Dale,CRCW08051K00FKEA
Chip Resistor,Resistor,"R112, R117, R122, R139, R144, R149",R0805,6,5K6,Vishay Dale,CRCW08055K60FKEA
Chip Resistor,Resistor,"R124, R125, R126, R127, R128, R129, R130, R131, R132, R133, R134, R135, R151, R152, R153, R154, R155, R156, R157, R158, R159, R160, R161, R162",R0805,24,10K,Vishay Dale,CRCW080510K0FKEA
101F,,"T1, T2, T3, T4, T5, T6",101F,6,,Hammond Manufacturing,101F
SN74AXC4T774BQBR,"Bus Transceiver, AXC Series, 1-Func, 4-Bit, True Output, PQCC16","U1, U2, U5, U6, U18, U19, U27, U36, U38, U47, U49",FP-BQB0016A,11,,Texas Instruments,SN74AXC4T774BQBR
AD5541AARMZ,IC DAC 16BIT V-OUT 10MSOP,"U3, U9, U14, U20",RM-10,4,,Analog Devices,AD5541AARMZ
AD820ARMZ,"Single Channel Rail-to-Rail Operational Amplifier, 1.9 MHz BW, 3 V/us SR, Industrial, 8-pin SOIC (R-8), Reel","U4, U7, U8, U10, U11, U12, U13, U15, U16, U21",MO-187-AA,10,,Analog Devices,AD820ARMZ
HI-8454,,U17,HI-8454PS,1,,Holt Integrated Circuits Inc.,HI-8454PSIF
TPS62143,,U22,QFN50P300X300X100_HS-17N,1,,Texas Instruments,TPS62143RGTT
LT1763,,U23,SOP127P600X175-8N,1,12V->10V,Analog Devices,LT1763CS8#TRPBF
LT1763,,U24,SOP127P600X175-8N,1,3V3->2V5,Analog Devices,LT1763CS8-2.5#TRPBF
AD8403,4 channel digital potentiometer,"U25, U28",TSOP65P640X120-24N,2,,Analog Devices,AD8403ARUZ1
NS5A4684S,"VCC = 1.65-5.5

Isolation: −68 dB at 100 kHz

Ron = 0.6ohm

Acontinuous = +/-300mA

Bw = 10MHz","U26, U29",PQFN40P180X140X100-10N,2,,Onsemi,NS5A4684SMNTBG
AD7609BSTZ,"8 Channel DAS with 18-Bit, Bipolar, Simultaneous Sampling ADC, 200KSPS, -40 to +85 degC, ST-64-2, Pb-Free, Tray",U30,MS-026-BCD-2,1,,Analog Devices,AD7609BSTZ
LT1763CS8-5#TRPBF,,U31,SOP127P600X175-8N,1,,Analog Devices,LT1763CS8-5#TRPBF
ADP7182AUJZ-5.0-R7,"Input voltage range: −2.7 V to −28 V 

Adjustable output from −1.22 V to −VIN + VDO 

−VOUT = −1.22 V (1 + RFB1/RFB2) 

RFB1 is from Vout to ADJ; RFB2 is from ADJ to GND",U32,SOT95P280X90-5N,1,,Analog Devices,ADP7182AUJZ-5.0-R7
LT1763CS8-3.3#TRPBF,,U33,SOP127P600X175-8N,1,,Analog Devices,LT1763CS8-3.3#TRPBF
LT1763CS8#PBF,,U34,SOP127P600X175-8N,1,,Analog Devices,LT1763CS8#PBF
AD9833BRMZ,"The AD9833 is a low power, programmable waveform generator capable of producing sine, triangular, and square wave outputs. Waveform generation is required in various types of sensing, actuation, and time domain reflectometry (TDR) applications. The output frequency and phase are software programmable, allowing easy tuning. No external components are needed. The frequency registers are 28 bits; with a 25 MHz clock rate, resolution of 0.1 Hz can be achieved. Similarly, with a 1 MHz clock rate, the AD9833 can be tuned to 0.004 Hz resolution. The AD9833 is written to via a 3-wire serial interface. This serial interface operates at clock rates up to 40 MHz and is compatible with DSP and microcontroller standards. The device operates with a power supply from 2.3 V to 5.5 V. The AD9833 has a power-down function (SLEEP). This allows sections of the device that are not being used to be powered down, thus minimizing the current consumption of the part, e.g., the DAC can be powered down when a clock output is being generated. The AD9833 is available in a 10-lead MSOP package. Applications Frequency Stimulus/Waveform Generation Liquid and Gas Flow Measurement Sensory Applicationsâ€“Proximity, Motion, and Defect Detection Line Loss/Attenuation Test and Medical Equipment Sweep/Clock Generators Time domain reflectometry (TDR) applications","U35, U37, U39, U46, U48, U50",AD9833BRMZ,6,,Analog Devices,AD9833BRMZ
AD8565,,"U40, U41, U42, U43, U44, U45, U51, U52, U53, U54, U55, U56",AD8565AKSZ,12,,Analog Devices,AD8565AKSZ-REEL7
