Line #,Name,Description,Designator,Quantity,Manufacturer 1,Manufacturer Part Number 1

"1","Cap, 4.7uF, 0805, X7R, 50V, AEC-Q200","Ceramic Capacitor, Multilayer, Ceramic, 50V, 10% +Tol, 10% -Tol, X7R, 15% TC, 4.7uF, Surface Mount, 0805","C1","1","TDK","CGA4J1X7R1H475K125AC"
"2","Cap, 100nF, 0603, X7R, 16V, Q200","Ceramic Capacitor, Multilayer, Ceramic, 16V, 10% +Tol, 10% -Tol, X7R, 15% TC, 0.1uF, Surface Mount, 0603","C3, C5, C7","3","Kyocera AVX","0603YC104K4T4A"
"3","TMJ316BB7106KLHT","Ceramic Capacitor, Multilayer, Ceramic, 25V, 10% +Tol, 10% -Tol, X7R, 15% TC, 10uF, Surface Mount, 1206","C6","1","Taiyo Yuden","TMJ316BB7106KLHT"
"4","Cap, 1uF, 0603, X7R, 25V, AEC-Q200","Ceramic Capacitor, Multilayer, Ceramic, 25V, 10% +Tol, 10% -Tol, X7R, 15% TC, 1uF, Surface Mount, 0603","C8","1","Murata","GCM188R71E105KA64D"
"5","Cap, 2.2uF, 0805, X7R, 50V, AEC-Q200","Ceramic Capacitor, Multilayer, Ceramic, 50V, 10% +Tol, 10% -Tol, X7R, 15% TC, 2.2uF, Surface Mount, 0805","C9","1","TDK","CGA4J3X7R1H225K125AB"
"6","Green","LED GREEN 0603 SMD","D1, D2, D4","3","Vishay Semiconductors","VLMG1300-GS08"
"7","SMF6V0TFTR","Trans Voltage Suppressor Diode, 200W, 6V V(RWM), Unidirectional, 1 Element, Silicon","D3","1","Rohm","SMF6V0TFTR"
"8","TPD1E10B06DYARQ1","Automotive 12-pF, �5.5V �30-kV ESD protection diode in 0402 Package 2-SOT-5X3 -40 to 125","D5, D6, D7, D8","4","Texas Instruments","TPD1E10B06DYARQ1"
"9","NUP2105LT1G","Trans Voltage Suppressor Diode, 350W, 24V V(RWM), Bidirectional, 2 Element, Silicon, TO-236AB","D9, D10","2","onsemi","NUP2105LT1G"
"10","G125-MH11205M4P","Harwin Gecko, 6+6 Pos. Male DIL Horizontal Throughboard Conn. Screw-Lok Board Mount","J1","1","Harwin","G125-MH11205M4P"
"11","M-G370PDG0","Mating connector for the M-G370PDG0. Has application-specific labels in the schematic symbol.","J2","1","Samtec","CLM-110-02-H-D"
"12","Sen_XY-f","PNI Sensor XY-f Inductor -- Part of RM3100","L1, L2","2","PNI","13104"
"13","Sen-Z-f","PNI Sen-Z-f Inductor","L3","1","PNI","13101"
"14","Resistor, 0, 0603, Jumper, AEC-Q200","Fixed Resistor, Metal Glaze/thick Film, 0.1W, 0ohm, Surface Mount, 0603","R1, R6, R9, R21, R22","5","Vishay","CRCW06030000ZSTA"
"15","Resistor, 1.3k, 0603, 1%, 100 ppm, AEC-Q200","Fixed Resistor, Metal Glaze/thick Film, 0.1W, 1300ohm, 75V, 1% +/-Tol, 100ppm/Cel, Surface Mount, 0603","R3, R7","2","Vishay Dale","CRCW06031K30FKTA"
"16","Resistor, 3k, 0603, 1%, 100 ppm, AEC-Q200","Fixed Resistor, Metal Glaze/thick Film, 0.1W, 3000ohm, 75V, 1% +/-Tol, 100ppm/Cel, Surface Mount, 0603","R4","1","Vishay Dale","CRCW06033K00FKTA"
"17","Resistor, 10k, 0603, 1%, 100 ppm, AEC-Q200","Fixed Resistor, Metal Glaze/thick Film, 0.1W, 10000ohm, 75V, 1% +/-Tol, 100ppm/Cel, Surface Mount, 0603","R5, R11, R16","3","Vishay Dale","CRCW060310K0FKTA"
"18","Resistor, 0, 0805, Jumper, AEC-Q200","Fixed Resistor, Metal Glaze/thick Film, 0.125W, 0ohm, Surface Mount, 0805","R10","1","Vishay Dale","CRCW08050000ZSTC"
"19","Resistor, 22, 0603, 1%, 100 ppm, AEC-Q200","Fixed Resistor, Metal Glaze/thick Film, 0.1W, 22ohm, 75V, 1% +/-Tol, 100ppm/Cel, Surface Mount, 0603","R13","1","Vishay Dale","CRCW060322R0FKTA"
"20","Resistor, 100, 0603, 1%, 100 ppm, AEC-Q200","Fixed Resistor, Metal Glaze/thick Film, 0.1W, 100ohm, 75V, 1% +/-Tol, 100ppm/Cel, Surface Mount, 0603","R15","1","Vishay Dale","CRCW0603100RFKTA"
"21","Resistor, 10k, 0402, 1%, 100 ppm, Q200","Fixed Resistor, Metal Glaze/thick Film, 0.063W, 10000ohm, 50V, 1% +/-Tol, 100ppm/Cel, Surface Mount, 0402","R17, R18, R19, R20, R23, R24, R25, R30, R35, R36","10","Vishay Dale","CRCW040210K0FKTD"
"22","Resistor, 121, 0402, 1%, 100ppm, Q200","Fixed Resistor, Metal Glaze/thick Film, 0.063W, 121ohm, 50V, 1% +/-Tol, 100ppm/Cel, Surface Mount, 0402","R26, R27, R28, R29, R33, R34","6","Vishay","CRCW0402121RFKED"
"23","Resistor, 33k, 0402, 1%, 100 ppm, Q200","Fixed Resistor, Metal Glaze/thick Film, 0.063W, 33000ohm, 50V, 1% +/-Tol, 100ppm/Cel, Surface Mount, 0402","R37","1","Vishay","CRCW040233K0FKED"
"24","Resistor, 4.7k, 0603, 1%, 100 ppm, AEC-Q200","Fixed Resistor, Metal Glaze/thick Film, 0.1W, 4700ohm, 75V, 1% +/-Tol, 100ppm/Cel, Surface Mount, 0603","R38, R39","2","Vishay Dale","CRCW06034K70FKTA"
"25","Resistor, 120, 0603, 1%, 100 ppm, AEC-Q200","Fixed Resistor, Metal Glaze/thick Film, 0.1W, 120ohm, 75V, 1% +/-Tol, 100ppm/Cel, Surface Mount, 0603","R40, R41","2","Vishay Dale","CRCW0603120RFKTA"
"26","L4931CD33-TRY","Fixed Positive LDO Regulator, 3.3V, 0.82V Dropout, BIPolar, PDSO8","U1","1","STMicroelectronics","L4931CD33-TRY"
"27","ADM3067ETRZ-EP","Line Transceiver, 1 Func, 1 Driver, 1 Rcvr, DMOS, PDSO14","U2","1","Analog Devices","ADM3067ETRZ-EP"
"28","MagI2C","PNI 13156 MagI2C -- Part of the RM3100 Sensor Suite","U3","1","PNI","13156"
"29","LT3960EMSE#PBF","I2C to CAN-Physical Transceiver. Automotive version.","U4","1","Analog Devices","LT3960EMSE#WPBF"
